http_status,url
200,https://mongodb.com/docs/atlas/atlas-vector-search/hybrid-search/
200,https://mongodb.com/docs/atlas/atlas-vector-search/hybrid-search/#limitations
200,https://mongodb.com/docs/atlas/atlas-vector-search/multi-tenant-architecture/
200,https://mongodb.com/docs/atlas/atlas-vector-search/vector-quantization/
200,https://mongodb.com/docs/atlas/atlas-vector-search/automated-embedding/
200,https://mongodb.com/docs/atlas/atlas-vector-search/vector-search-stage/
200,https://mongodb.com/blog/post/building-with-patterns-the-extended-reference-pattern
200,https://mongodb.com/blog/post/building-with-patterns-the-bucket-pattern
200,https://mongodb.com/docs/atlas/atlas-vector-search/vector-search-stage/#std-label-vectorSearch-exact
200,https://mongodb.com/docs/atlas/atlas-vector-search/deployment-options/
200,https://mongodb.com/docs/atlas/atlas-vector-search/rag/
200,https://mongodb.com/docs/atlas/atlas-vector-search/troubleshooting/
200,https://mongodb.com/docs/atlas/atlas-vector-search/ai-agents/
200,https://mongodb.com/docs/atlas/atlas-vector-search/explain/
200,https://mongodb.com/docs/atlas/atlas-search/operators-collectors/vectorSearch/
200,https://mongodb.com/blog/post/building-with-patterns-the-subset-pattern
200,https://mongodb.com/docs/atlas/atlas-vector-search/vector-search-stage/#std-label-vectorSearch-filter
200,https://mongodb.com/docs/atlas/atlas-vector-search/vector-search-type/#std-label-avs-types-vector-similarity
200,https://mongodb.com/docs/atlas/atlas-vector-search/vector-search-type/
200,https://mongodb.com/docs/atlas/atlas-vector-search/vector-search-stage/#std-label-vectorSearch-numCandidates
200,https://mongodb.com/docs/atlas/atlas-vector-search/vector-search-type/#std-label-avs-types-filter
200,https://mongodb.com/docs/atlas/atlas-vector-search/view-support/
200,https://mongodb.com/docs/atlas/atlas-vector-search/vector-search-type/#std-label-avs-types-vector-numDimensions
200,https://mongodb.com/docs/manual/applications/data-models-tree-structures/
200,https://mongodb.com/docs/atlas/atlas-vector-search/vector-search-stage/#std-label-vectorSearch-score
200,https://mongodb.com/docs/manual/core/aggregation-pipeline-optimization/
200,https://mongodb.com/docs/manual/core/aggregation-pipeline-optimization/#sort-limit-coalescence
200,https://mongodb.com/docs/manual/core/clustered-collections/
404,https://mongodb.com/docs/atlas/cluster-tier-overview/
200,https://mongodb.com/docs/atlas/performance-advisor/
200,https://mongodb.com/docs/manual/core/index-hidden/
200,https://mongodb.com/docs/manual/core/index-sparse/
200,https://mongodb.com/docs/manual/core/aggregation-pipeline-limits/
200,https://mongodb.com/docs/manual/core/index-creation/
200,https://mongodb.com/docs/manual/core/index-partial/
200,https://mongodb.com/docs/manual/core/indexes/index-types/index-geospatial/
200,https://mongodb.com/docs/manual/core/index-ttl/
200,https://mongodb.com/docs/manual/core/index-unique/
200,https://mongodb.com/docs/manual/core/indexes/index-types/index-hashed/
200,https://mongodb.com/docs/manual/core/indexes/index-types/index-multikey/
200,https://mongodb.com/docs/manual/core/indexes/index-types/index-compound/
200,https://mongodb.com/docs/manual/core/indexes/index-types/index-text/
200,https://mongodb.com/docs/manual/core/query-optimization/
200,https://mongodb.com/docs/manual/core/indexes/index-types/index-wildcard/
200,https://mongodb.com/docs/manual/core/query-plans/
200,https://mongodb.com/docs/manual/core/schema-validation/specify-json-schema/
200,https://mongodb.com/docs/manual/core/schema-validation/handle-invalid-documents/
200,https://mongodb.com/docs/manual/core/timeseries-collections/
200,https://mongodb.com/docs/manual/data-modeling/design-antipatterns/bloated-documents/
200,https://mongodb.com/docs/manual/core/schema-validation/specify-validation-level/
200,https://mongodb.com/docs/manual/core/query-optimization/#covered-query
200,https://mongodb.com/docs/manual/data-modeling/
200,https://mongodb.com/docs/manual/core/schema-validation/
200,https://mongodb.com/docs/manual/data-modeling/design-antipatterns/unbounded-arrays/
200,https://mongodb.com/docs/manual/data-modeling/concepts/embedding-vs-references/
200,https://mongodb.com/docs/manual/data-modeling/design-antipatterns/reduce-lookup-operations/
200,https://mongodb.com/docs/manual/data-modeling/design-patterns/archive/
200,https://mongodb.com/docs/manual/data-modeling/design-patterns/computed-values/computed-schema-pattern/
200,https://mongodb.com/docs/manual/data-modeling/design-patterns/data-versioning/schema-versioning/
200,https://mongodb.com/docs/manual/data-modeling/design-patterns/group-data/outlier-pattern/
200,https://mongodb.com/docs/manual/data-modeling/design-patterns/group-data/attribute-pattern/
200,https://mongodb.com/docs/manual/data-modeling/design-patterns/polymorphic-data/polymorphic-schema-pattern/
200,https://mongodb.com/docs/manual/data-modeling/schema-design-process/
200,https://mongodb.com/docs/manual/reference/collation/
200,https://mongodb.com/docs/manual/reference/limits/#indexes
200,https://mongodb.com/docs/manual/reference/explain-results/
200,https://mongodb.com/docs/manual/reference/method/cursor.hint/
200,https://mongodb.com/docs/manual/reference/method/cursor.skip/
200,https://mongodb.com/docs/manual/reference/limits/#std-label-limit-bson-document-size
200,https://mongodb.com/docs/manual/reference/operator/aggregation/indexStats/
200,https://mongodb.com/docs/manual/reference/method/db.collection.updateOne/
200,https://mongodb.com/docs/manual/reference/command/setQuerySettings/
200,https://mongodb.com/docs/manual/reference/command/bulkWrite/
200,https://mongodb.com/docs/manual/reference/operator/aggregation/lookup/
200,https://mongodb.com/docs/manual/reference/operator/aggregation/graphLookup/
200,https://mongodb.com/docs/manual/reference/operator/aggregation/queryStats/
404,https://mongodb.com/docs/manual/reference/operator/query/
200,https://mongodb.com/docs/manual/reference/operator/aggregation/unwind/
200,https://mongodb.com/docs/manual/reference/operator/aggregation/rankFusion/
200,https://mongodb.com/docs/manual/reference/operator/aggregation/scoreFusion/
200,https://mongodb.com/docs/manual/reference/operator/query/or/
200,https://mongodb.com/docs/manual/reference/operator/query/regex/
200,https://mongodb.com/docs/manual/tutorial/analyze-query-plan/
200,https://mongodb.com/docs/manual/tutorial/model-embedded-many-to-many-relationships-between-documents/
200,https://mongodb.com/docs/manual/tutorial/measure-index-use/
200,https://mongodb.com/docs/manual/tutorial/equality-sort-range-rule/
200,https://mongodb.com/docs/manual/tutorial/manage-the-database-profiler/
200,https://mongodb.com/docs/manual/tutorial/create-queries-that-ensure-selectivity/
200,https://mongodb.com/docs/manual/tutorial/model-embedded-one-to-many-relationships-between-documents/
200,https://mongodb.com/docs/manual/tutorial/model-embedded-one-to-one-relationships-between-documents/
200,https://mongodb.com/docs/manual/tutorial/project-fields-from-query-results/
200,https://mongodb.com/docs/manual/tutorial/model-referenced-one-to-many-relationships-between-documents/
200,https://mongodb.com/docs/manual/tutorial/sort-results-with-indexes/
